MO,DY,HR,T2MDEW,WS10M,WD10M,RH2M,PS
3,30,6,9.04,2.66,85.79,96.25,99.96
3,30,7,9.32,3.65,86.32,93.62,100.01
3,30,8,9.38,4.52,91.68,89.19,100.01
3,30,9,9.52,4.56,92.06,85.69,100.02
3,30,10,9.68,4.49,89.4,82.81,99.99
3,30,11,9.79,4.54,87.14,80.81,99.94
3,30,12,9.8,4.7,84.66,79.75,99.9
3,30,13,9.75,4.67,83.17,79.94,99.83
3,30,14,9.75,4.47,82.87,80.5,99.84
3,30,15,9.75,4.35,78.19,83.19,99.83
3,30,16,9.79,4.48,74.12,85.88,99.85
3,30,17,9.8,3.8,71.19,89.81,99.88
3,30,18,9.56,2.96,71.04,94.62,99.9
3,30,19,9.29,2.78,74.32,95.94,99.96
3,30,20,8.98,2.32,77.74,97.81,99.98
3,30,21,8.71,2.06,78.86,100,100.01
3,30,22,8.42,1.87,76.95,100,100.02
3,30,23,8.26,1.72,77.67,100,100
3,31,0,8.21,1.63,77.83,100,99.98
3,31,1,8.19,1.57,69.58,100,99.97
3,31,2,8.23,1.66,61.02,100,99.97
3,31,3,8.36,1.79,59.64,100,99.95
3,31,4,8.65,1.78,64.79,99.56,99.96
3,31,5,8.76,1.76,66.5,98.94,99.99
3,31,6,9.1,1.97,66.68,97.12,100.05
3,31,7,9.44,2.48,67.96,93.5,100.08
3,31,8,9.79,2.9,77.09,88.81,100.13
3,31,9,10.21,3.39,83.12,84.62,100.12
3,31,10,10.73,3.51,86.55,79.62,100.08
3,31,11,11.19,3.28,91.78,76.62,100.03
3,31,12,11.66,2.98,99.66,74.38,99.97
3,31,13,12.01,2.75,100.96,72.69,99.92
3,31,14,12.11,2.65,95.41,71.5,99.85
3,31,15,12.09,2.78,85.33,72.81,99.78
3,31,16,12.33,3.11,79.14,76.31,99.75
3,31,17,12.94,2.33,76.43,86.38,99.74
3,31,18,11.93,2.41,76.5,92.81,99.79
3,31,19,11.31,2.55,81.89,93.69,99.8
3,31,20,10.8,2.63,91.53,95,99.86
3,31,21,10.37,2.62,101.68,95.44,99.85
3,31,22,9.97,2.48,109.52,96.44,99.85
3,31,23,9.69,2.27,114.44,96.75,99.84
4,1,0,9.61,2.19,117.21,95.5,99.77
4,1,1,9.49,2.13,120.71,95.5,99.72
4,1,2,9.4,2.03,127,95.75,99.69
4,1,3,9.44,1.85,132.26,95.62,99.7
4,1,4,9.48,1.64,135.39,95.19,99.7
4,1,5,9.51,1.37,129.22,94.38,99.72
4,1,6,10.15,1.23,118.52,94.94,99.77
4,1,7,10.43,1.62,116.94,88.75,99.81
4,1,8,11.04,1.61,115.32,79.56,99.83
4,1,9,11.54,1.28,122.04,73.5,99.81
4,1,10,12.06,0.79,159.25,69.94,99.82
4,1,11,12.62,0.84,209.68,68.75,99.75
4,1,12,13.09,1.1,233.94,68.12,99.69
4,1,13,13.55,1.29,250.91,66.19,99.59
4,1,14,13.52,1.31,268.63,64.69,99.55
4,1,15,13.19,0.85,306.76,64.5,99.48
4,1,16,13.16,0.88,19.72,66.12,99.48
4,1,17,14.59,1.29,66.85,79.12,99.48
4,1,18,13.03,2.12,86.2,85.56,99.5
4,1,19,12.37,2.48,97.95,88.69,99.58
4,1,20,12.01,2.57,108.27,91.12,99.63
4,1,21,11.83,2.51,117.2,93.69,99.64
4,1,22,11.7,2.34,125.07,95.44,99.66
4,1,23,11.59,2.02,133.27,95.12,99.65
4,2,0,11.54,1.74,139.93,95.44,99.64
4,2,1,11.51,1.55,141.97,97,99.64
4,2,2,11.53,1.41,142.43,99.31,99.65
4,2,3,11.21,1.36,144.58,100,99.65
4,2,4,10.77,1.39,147.65,100,99.69
4,2,5,10.42,1.36,154.03,100,99.73
4,2,6,11.47,1.22,161.68,99.75,99.8
4,2,7,12.4,1.37,163.74,90.44,99.85
4,2,8,13.19,2.26,119.13,75.06,99.88
4,2,9,13.4,2.9,103.4,65.19,99.89
4,2,10,13.61,3.33,92.69,61.06,99.84
4,2,11,13.73,3.78,87.16,57.69,99.79
4,2,12,13.69,4.23,85.23,55,99.72
4,2,13,13.4,4.76,86.33,53.06,99.6
4,2,14,12.95,5.17,89.48,52,99.51
4,2,15,12.71,4.42,96.9,52.31,99.53
4,2,16,12.86,4.18,89.25,56.81,99.54
4,2,17,13.57,3.79,78.83,71.19,99.55
4,2,18,12.12,4.15,80.02,78.06,99.6
4,2,19,11.38,4.84,85.84,79.31,99.7
4,2,20,11.02,5.44,95.44,80.5,99.75
4,2,21,11.11,4.84,104.87,85.25,99.74
4,2,22,11.17,4.12,115.25,89.81,99.73
4,2,23,10.91,3.59,125.18,92.94,99.72
4,3,0,10.5,3.33,130.72,97.06,99.7
4,3,1,10.34,3.34,133.1,97.62,99.63
4,3,2,10.29,3.21,137.37,98.25,99.6
4,3,3,10.17,2.94,142.34,99.06,99.64
4,3,4,9.91,2.77,143.71,100,99.72
4,3,5,9.69,2.7,139.11,100,99.77
4,3,6,9.95,3.61,133.51,93.12,99.78
4,3,7,10.09,5.05,131.99,86.19,99.74
4,3,8,10.03,5.92,139.65,76.69,99.7
4,3,9,8.94,7.59,148.55,58.62,99.64
4,3,10,8.3,8.58,148.9,48,99.55
4,3,11,8.9,8.21,153.61,46.81,99.48
4,3,12,10.12,6.49,166.06,49.75,99.53
4,3,13,11.94,5.16,160.63,61.44,99.55
4,3,14,13.64,5.38,144.28,73.94,99.47
4,3,15,13.62,6.6,138.46,70.25,99.4
4,3,16,13.15,6.88,136.24,69.5,99.34
4,3,17,12.58,6.47,134.41,73.44,99.29
4,3,18,12.15,5.55,142.73,78.75,99.32
4,3,19,12.42,5.07,166.28,87.06,99.52
4,3,20,12.15,6.32,156.48,90.25,99.53
4,3,21,12.15,6.85,162.95,91.06,99.5
4,3,22,12.42,6.47,163.67,91.75,99.47
4,3,23,12.86,6.76,158.78,92.06,99.36
4,4,0,13.51,6.79,155.32,92.31,99.23
4,4,1,13.95,6.64,157.51,92.75,99.14
4,4,2,14.24,6.54,161.61,92.69,99.09
4,4,3,14.46,6.71,163.51,92.44,99.03
4,4,4,14.69,7.39,168.05,91.81,99.03
4,4,5,14.8,6.54,170.37,93.44,99.02
4,4,6,15.06,8.29,167.93,90.25,99.01
4,4,7,15.9,9.32,170.64,85.06,98.99
4,4,8,16.59,9.72,175.25,80.12,99.02
4,4,9,16.76,10.03,180.27,77.88,99.01
4,4,10,17.33,10.18,184.84,75,98.96
4,4,11,18.26,10.43,186.36,69.75,98.87
4,4,12,18.93,10.17,188.17,69.88,98.79
4,4,13,19.58,8.99,193.82,71.88,98.72
4,4,14,20.29,6.3,205.9,79.38,98.68
4,4,15,21.09,3.37,225.19,89.25,98.63
4,4,16,21.18,1.47,248.2,94.94,98.67
4,4,17,20.33,1.34,320.19,94.31,98.75
4,4,18,19.26,2.79,342.93,97.75,98.82
4,4,19,17.62,4.25,343.9,96.25,98.97
4,4,20,15.57,4.39,349.85,95.06,99.12
4,4,21,13.86,3.89,353.77,93.94,99.25
4,4,22,13.22,3.71,348.57,94.25,99.29
4,4,23,12.93,3.74,338.8,94.25,99.32
4,5,0,12.63,3.46,339.81,93.88,99.33
4,5,1,12.35,3.19,340.37,93.69,99.32
4,5,2,11.99,3.16,343.8,93.38,99.3
4,5,3,11.65,2.71,344.64,93.75,99.29
4,5,4,11.33,2.36,352.97,94.56,99.29
4,5,5,11.17,2.27,356.25,94.5,99.35
4,5,6,11,3.26,342.3,91.25,99.49
4,5,7,10.52,4.05,337.44,86.5,99.6
4,5,8,9.98,4.52,329.49,84.5,99.67
4,5,9,9.67,4.45,327.4,83.88,99.72
4,5,10,9.51,3.9,332.31,80.25,99.71
4,5,11,9.66,3.72,328.91,75,99.68
4,5,12,9.94,3.53,325.08,71.19,99.63
4,5,13,10.57,3.11,325.43,68.38,99.57
4,5,14,11.37,2.72,322.34,66,99.51
4,5,15,11.83,2.5,330.39,65.44,99.49
4,5,16,12.07,2.74,341.88,67.56,99.51
4,5,17,12.9,2.49,357.3,78,99.57
4,5,18,12.79,2.21,5.49,89.19,99.68
4,5,19,12.17,2.51,6.79,89.56,99.8
4,5,20,11.33,3.12,10.52,89.44,99.89
4,5,21,10.55,2.66,13.42,93.5,99.9
4,5,22,9.8,2.28,19.8,97.25,99.88
4,5,23,9.32,2.05,28.23,99.31,99.86
4,6,0,8.98,1.85,33.82,100,99.85
4,6,1,8.77,1.67,27.88,100,99.84
4,6,2,8.49,1.74,21.04,100,99.82
4,6,3,8.42,1.76,28.73,97.94,99.78
4,6,4,8.19,1.68,42.54,96.38,99.77
4,6,5,7.98,1.61,59.94,95.5,99.78
4,6,6,8.43,1.71,64.26,89.88,99.82
4,6,7,8.17,2.19,57.1,79.25,99.85
4,6,8,8.41,2.45,56.06,76.06,99.83
4,6,9,8.88,2.34,60.61,74.75,99.8
4,6,10,9.22,1.86,38.7,74.19,99.75
4,6,11,9.33,2.27,2.76,76.56,99.76
4,6,12,9.47,3.18,349.52,78.19,99.72
4,6,13,9.58,3.68,344.87,80.38,99.71
4,6,14,9.78,3.73,344.19,80.44,99.66
4,6,15,9.7,3.96,342.67,81.5,99.67
4,6,16,9.71,4.11,345.01,85.44,99.71
4,6,17,9.87,3.64,354.95,90.62,99.72
4,6,18,9.98,2.05,352.98,95.81,99.8
4,6,19,9.88,1.26,326.6,97.12,99.96
4,6,20,9.37,1.31,329.62,98.38,100.03
4,6,21,9.2,1.47,322.77,99.5,100.08
4,6,22,8.65,1.64,314.81,100,100.08
4,6,23,8.3,1.8,305.28,100,100.06
4,7,0,8.15,1.89,298.89,100,100.05
4,7,1,7.94,2.11,298.46,100,100.05
4,7,2,7.83,2.34,298.27,100,100.06
4,7,3,7.4,2.48,298.83,100,100.06
4,7,4,6.88,2.74,308.86,100,100.09
4,7,5,6.37,2.79,309.31,100,100.17
4,7,6,7.9,2.92,307.94,97.75,100.25
4,7,7,8.88,3.51,314.1,89.06,100.3
4,7,8,8.24,4.22,338.04,70.75,100.35
4,7,9,7.76,4.53,345.72,60.56,100.39
4,7,10,8.27,4.41,344.17,57.88,100.37
4,7,11,9.05,4.52,342.72,57.31,100.37
4,7,12,9.77,4.87,343.11,57.56,100.32
4,7,13,9.88,5.46,343.9,58.5,100.31
4,7,14,10.07,6.02,346.88,59.31,100.28
4,7,15,10.01,6.15,351.45,61.62,100.29
4,7,16,10.04,5.32,357.64,66.44,100.34
4,7,17,10.86,3.33,5.39,76.06,100.38
4,7,18,10.67,2.5,15.95,85.94,100.42
4,7,19,9.62,2.44,23.61,85.81,100.49
4,7,20,8.37,2.19,26.66,81.62,100.54
4,7,21,7.67,1.76,25.2,76.88,100.57
4,7,22,7.35,1.48,14.7,75.62,100.58
4,7,23,7.44,1.71,1.83,80.56,100.59
4,8,0,7.73,2.26,7.77,91.25,100.6
4,8,1,7.9,2.64,21.86,100,100.64
4,8,2,7.3,2.7,35.94,100,100.65
4,8,3,7.05,2.67,49.87,100,100.69
4,8,4,6.9,2.49,60.7,100,100.71
4,8,5,6.97,2.15,67.81,100,100.75
4,8,6,8.91,1.71,74.05,99.81,100.81
4,8,7,7.87,2.52,78.72,77.19,100.86
4,8,8,6.51,2.8,74.6,60.44,100.89
4,8,9,6.3,2.56,63.12,52.69,100.93
4,8,10,5.93,2.46,45.39,47.19,100.91
4,8,11,5.73,2.69,33.87,44,100.87
4,8,12,5.83,2.79,29.86,42.94,100.78
4,8,13,5.98,2.8,26.85,42.69,100.69
4,8,14,5.98,2.82,31.05,43,100.57
4,8,15,5.92,2.79,36,44.12,100.5
4,8,16,6.2,2.69,43.11,47.44,100.45
4,8,17,8.61,2.19,54.72,63,100.45
4,8,18,8.1,2.52,67.41,76.31,100.49
4,8,19,7.04,2.74,79.17,77.12,100.51
4,8,20,6.38,2.82,92.22,78,100.56
4,8,21,5.87,2.85,108.19,79.19,100.57
4,8,22,5.48,2.87,126.03,80.75,100.54
4,8,23,5.23,2.89,144.89,82.69,100.53
4,9,0,5.12,2.99,162.84,85.31,100.52
4,9,1,5.05,3.13,177.28,88.06,100.47
4,9,2,5.05,3.23,186.39,90.69,100.45
4,9,3,5.06,3.24,190.69,93.31,100.41
4,9,4,5.02,3.23,192.59,95.81,100.4
4,9,5,4.87,3.18,192.77,96.94,100.38
4,9,6,5.48,3.87,194.12,86.38,100.4
4,9,7,6.27,4.37,194.38,74.88,100.44
4,9,8,6.28,5.14,192.37,59.56,100.42
4,9,9,7.29,4.74,189.98,54.44,100.39
4,9,10,8.23,4.23,196.86,50.75,100.36
4,9,11,8.94,3.56,205.33,48.38,100.26
4,9,12,9.22,3,213.86,46.12,100.14
4,9,13,9.25,2.52,221.6,44.5,100.04
4,9,14,9.04,2.01,219.81,43.44,99.94
4,9,15,8.87,1.84,212.01,43.44,99.87
4,9,16,9.25,1.72,207.03,46.06,99.84
4,9,17,12.12,1.64,188.48,62.44,99.86
4,9,18,9.42,1.96,162.86,61.81,99.84
4,9,19,8.69,2.21,150.98,63.62,99.85
4,9,20,8.51,2.46,142.22,68,99.92
4,9,21,8.49,2.86,144.35,74.62,99.91
4,9,22,8.44,3.23,155.6,80.44,99.87
4,9,23,8.34,3.41,172.24,83.62,99.87
4,10,0,8.41,3.54,186.59,84.94,99.85
4,10,1,8.08,3.69,194.98,85.75,99.84
4,10,2,7.45,3.62,197.58,87.06,99.82
4,10,3,6.81,3.55,197.4,87.88,99.81
4,10,4,6.23,3.53,197.79,87.62,99.78
4,10,5,5.8,3.38,199.56,87.31,99.79
4,10,6,6.33,4.12,200.87,77.88,99.81
4,10,7,7.27,4.46,201.8,70.06,99.81
4,10,8,9.8,4.07,202.09,66.44,99.84
4,10,9,11.27,4.93,200.67,57.75,99.81
4,10,10,12.06,4.92,202.61,51.19,99.77
4,10,11,12.75,4.66,205.23,48.75,99.69
4,10,12,13.27,4.54,204.84,47.62,99.57
4,10,13,13.64,4.41,204.48,47.56,99.46
4,10,14,13.89,4.22,206.38,48.06,99.38
4,10,15,13.59,3.98,209.38,47.56,99.32
4,10,16,14.55,3.18,209.08,53.62,99.3
4,10,17,17.05,2.33,203.9,71.81,99.3
4,10,18,15.57,2.35,192.47,73.88,99.28
4,10,19,14.79,2.62,182.56,75,99.31
4,10,20,14.04,3.22,180.97,78.44,99.34
4,10,21,13.93,3.58,183.37,81.88,99.38
4,10,22,14.43,4.33,185.91,84.31,99.41
4,10,23,14.78,4.68,186.42,86.25,99.39
4,11,0,14.97,4.54,187.11,87.88,99.38
4,11,1,15.13,4.19,189.01,89.75,99.38
4,11,2,15.26,3.78,190.36,91.62,99.36
4,11,3,15.32,3.28,190.16,93.12,99.35
4,11,4,15.34,2.83,189.85,94.12,99.35
4,11,5,15.3,2.61,191.58,94.75,99.37
4,11,6,15.8,2.68,195.37,93.62,99.41
4,11,7,16.26,3.1,195.05,91.31,99.47
4,11,8,16.8,3.04,192.15,89.56,99.52
4,11,9,17.45,2.95,195.84,86.88,99.53
4,11,10,17.69,2.73,202.38,81.75,99.54
4,11,11,17.87,2.18,205.92,77.44,99.48
4,11,12,18.07,1.35,201.37,73.56,99.42
4,11,13,18.3,0.43,170.54,69.56,99.34
4,11,14,18.47,0.86,50.93,67.19,99.31
4,11,15,18.63,1.93,50.43,69.5,99.27
4,11,16,19.05,2.62,53.13,74.5,99.31
4,11,17,19.83,2.31,52.82,86,99.34
4,11,18,18.72,3.44,42.24,89.38,99.45
4,11,19,17.11,5.57,32.22,87.62,99.59
4,11,20,14.21,5.75,28.03,83.62,99.72
4,11,21,12.08,4.55,25.64,79.88,99.8
4,11,22,11.48,3.48,22.3,79.75,99.84
4,11,23,11.65,3.02,25.3,82.31,99.88
4,12,0,11.86,2.85,33.82,85.06,99.9
4,12,1,11.98,2.73,43.61,87.31,99.89
4,12,2,11.82,2.46,51.71,87.62,99.89
4,12,3,11.47,2.53,58.52,87.5,99.89
4,12,4,11.19,2.6,64.2,88.38,99.88
4,12,5,11.05,2.73,63.43,88.31,99.89
4,12,6,11.03,3.5,60.57,82.56,99.94
4,12,7,10.51,4.67,60.95,71.12,100.03
4,12,8,9.3,5.9,70.44,58.62,100.1
4,12,9,8.19,6.66,79.11,49,100.14
4,12,10,8.01,7.06,82.3,44.31,100.11
4,12,11,8.26,7.22,84.41,42.25,100.05
4,12,12,8.4,6.98,84.61,41,100.01
4,12,13,8.14,6.71,84.26,39.88,99.95
4,12,14,7.63,6.5,86.62,39.31,99.94
4,12,15,7.04,6.39,91.05,39.62,99.87
4,12,16,7.42,5.62,92.23,44,99.87
4,12,17,9.99,3.6,86.02,60.94,99.91
4,12,18,9.44,3.33,86.9,71.31,99.94
4,12,19,8.37,3.44,97.3,72.5,99.94
4,12,20,7.98,3.29,109.73,74.88,99.96
4,12,21,7.67,3.11,122.69,76.25,99.98
4,12,22,7.34,2.99,132.14,75.62,99.95
4,12,23,6.65,2.89,139.94,74.25,99.92
4,13,0,6.38,2.78,144.03,73.38,99.89
4,13,1,6.05,2.73,147.63,72.94,99.84
4,13,2,5.52,2.6,151.28,71.38,99.84
4,13,3,5.21,2.58,151.18,71.31,99.83
4,13,4,5.34,2.73,152.33,73.12,99.82
4,13,5,5.9,2.73,149.99,73.62,99.81
4,13,6,6.58,2.63,148.86,70,99.8
4,13,7,4.5,3.95,146.62,53.44,99.75
4,13,8,6.08,4.01,148.88,51.62,99.72
4,13,9,8.8,4.82,151.77,53.19,99.71
4,13,10,11.6,4.87,159.44,57.5,99.65
4,13,11,13.51,4.5,170.41,59.19,99.6
4,13,12,15.01,3.67,174.63,64.31,99.48
4,13,13,16.08,3.18,173.64,69.44,99.4
4,13,14,16.94,2.67,161.03,76.69,99.36
4,13,15,17.19,3.16,148.67,78.5,99.29
4,13,16,17.46,3.19,146.39,79.12,99.25
4,13,17,18.12,1.92,145.28,87.88,99.26
4,13,18,17.51,1.7,146.82,94.81,99.33
4,13,19,17.25,1.83,140.88,96.56,99.33
4,13,20,16.99,2.05,151.28,98.94,99.37
4,13,21,16.55,2.44,168.55,100,99.41
4,13,22,16.41,2.88,178.6,100,99.37
4,13,23,16.15,2.83,185.55,99.69,99.35
4,14,0,15.87,2.71,187.78,99.12,99.28
4,14,1,15.71,2.85,188.35,98.12,99.21
4,14,2,15.69,3.05,193.61,96.69,99.14
4,14,3,15.66,3.67,201.33,96.06,99.09
4,14,4,15.53,3.79,207.09,96.69,99.03
4,14,5,15.33,3.05,215.4,98.69,99.06
4,14,6,15.91,3.53,219.71,94.94,99.12
4,14,7,16.69,2.97,222.55,93,99.17
4,14,8,17.92,2.53,219.49,91.25,99.17
4,14,9,18.69,2.37,232.9,89.12,99.18
4,14,10,19,2.01,258.34,87.75,99.2
4,14,11,18.91,1.2,275.97,86.19,99.13
4,14,12,18.78,0.28,329.86,82.62,99.04
4,14,13,18.92,1.22,355.97,78.19,98.97
4,14,14,18.91,3.07,359.27,78.25,98.93
4,14,15,18.98,3.51,7.28,82.5,98.89
4,14,16,19.04,3.06,8.07,88.12,98.88
4,14,17,18.7,2.31,359.23,92.62,98.96
4,14,18,17.58,2.31,344.69,93.94,99.05
4,14,19,16.92,2.36,341.09,93.44,99.11
4,14,20,16.48,2.35,335.05,92.81,99.16
4,14,21,16.14,2.58,315.12,92.62,99.23
4,14,22,15.69,2.63,311.03,92.06,99.24
4,14,23,15.12,2.83,312.54,91.69,99.22
4,15,0,14.48,3.05,321.45,92.12,99.22
4,15,1,14.19,3.15,330.38,93.06,99.23
4,15,2,14.01,3.04,334.29,94.5,99.25
4,15,3,13.78,2.8,335.65,95.94,99.26
4,15,4,13.48,2.41,335.68,97.69,99.27
4,15,5,12.82,2.26,328.02,100,99.31
4,15,6,13.54,2.85,322.91,93.5,99.38
4,15,7,13.79,3.6,332.88,84.19,99.47
4,15,8,13.72,3.81,345.76,73,99.5
4,15,9,13.89,4.22,343.44,65,99.53
4,15,10,14.52,4.62,336.47,61.94,99.54
4,15,11,14.82,4.63,332.87,59.38,99.46
4,15,12,14.82,4.35,328.28,57.25,99.36
4,15,13,14.46,3.97,322.68,56,99.29
4,15,14,14.31,3.73,315.17,55.56,99.18
4,15,15,14.34,3.31,305.87,56,99.11
4,15,16,14.58,2.78,299.31,58.19,99.06
4,15,17,16.26,1.87,295.49,70.75,99
4,15,18,13.85,1.35,275.31,66.94,98.99
4,15,19,13.15,1.79,234.58,68.69,99.01
4,15,20,13.3,2.68,222.52,78.88,99.02
4,15,21,13.25,3.29,223.08,84.25,99.05
4,15,22,13.28,3.62,223.78,86.25,99
4,15,23,13.41,3.8,229.5,88.38,98.99
4,16,0,13.44,3.67,234.96,91.94,98.95
4,16,1,13.44,3.46,232.61,96.31,98.94
4,16,2,13.36,3.4,228.73,99,98.88
4,16,3,13.08,3.35,227.93,100,98.88
4,16,4,12.66,3.27,227.9,100,98.86
4,16,5,12.62,3.34,224.91,100,98.89
4,16,6,13.7,4.38,221.02,91.31,98.92
4,16,7,14.77,4.68,218.5,83.5,98.99
4,16,8,15.15,5.39,236.77,69.44,99.04
4,16,9,15.09,6.09,257.34,59.44,99.08
4,16,10,15.53,6.07,269.85,54.69,99.09
4,16,11,16.4,5.58,274.5,53.25,99.03
4,16,12,17.19,4.96,276.79,52.75,99
4,16,13,17.81,4.28,280.2,52.69,98.95
4,16,14,18.08,3.6,286.9,52.56,98.89
4,16,15,18.33,2.95,299.9,53.56,98.88
4,16,16,19.01,2.2,325.12,57.75,98.87
4,16,17,20.26,1.94,4.61,69.56,98.92
4,16,18,19.92,2.59,48.05,82.94,98.99
4,16,19,18.83,2.92,68.85,86.62,99.07
4,16,20,18,3.03,83.77,89.44,99.17
4,16,21,17.44,2.95,95.94,92.31,99.2
4,16,22,17,2.88,107.01,94.44,99.22
4,16,23,16.64,2.73,114.88,96,99.22
4,17,0,16.34,2.6,121.11,97.62,99.21
4,17,1,16.04,2.62,126.63,98.38,99.18
4,17,2,15.73,2.68,130.51,98.25,99.19
4,17,3,15.48,2.75,135,98.5,99.19
4,17,4,15.24,2.87,142.63,98.75,99.21
4,17,5,15.01,2.86,150.92,99.06,99.23
4,17,6,15.78,3.19,158.72,90.62,99.32
4,17,7,16.55,3.69,167.79,84.5,99.35
4,17,8,17.82,3.97,175.26,76.62,99.39
4,17,9,18.37,5.55,180.24,66.56,99.4
4,17,10,18.84,6.28,187.14,60.88,99.38
4,17,11,18.97,6.47,195.11,56.19,99.34
4,17,12,19.18,6.2,202.82,53.56,99.29
4,17,13,19.26,5.74,208.34,51.88,99.26
4,17,14,19.12,5.22,210.21,50.88,99.21
4,17,15,19.17,4.59,208.79,52.19,99.16
4,17,16,20.01,3.59,203.61,58.31,99.13
4,17,17,21.73,2.77,190.39,73.94,99.13
4,17,18,19.73,3.29,175.09,78.94,99.16
4,17,19,18.9,3.68,170.1,80.12,99.17
4,17,20,18.75,4.14,171.43,81.56,99.23
4,17,21,18.78,4.91,176.99,84.25,99.22
4,17,22,18.67,5.8,180.77,87,99.19
4,17,23,18.44,5.95,182.86,89.5,99.13
4,18,0,18.13,5.73,188.95,91,99.1
4,18,1,17.89,5.44,188.84,91.56,99.08
4,18,2,17.77,5.02,191.76,92.31,99.07
4,18,3,17.73,4.67,196.71,93.25,99.13
4,18,4,17.72,4.41,200.29,94.06,99.17
4,18,5,17.68,4.39,202.05,94.31,99.19
4,18,6,17.99,5.03,200.38,90.81,99.23
4,18,7,18.43,5.09,199.94,87.25,99.25
4,18,8,19.09,4.59,202.94,84.19,99.32
4,18,9,19.9,3.83,202.8,82.31,99.36
4,18,10,20.53,3.45,203.37,78.19,99.33
4,18,11,20.51,3.09,210.52,73.81,99.31
4,18,12,20.63,2.78,211.18,73.19,99.24
4,18,13,20.69,2.27,198.5,72.19,99.19
4,18,14,20.73,1.68,162.41,71.69,99.07
4,18,15,19.5,1.66,119.71,63.75,98.98
4,18,16,19.96,1.52,103.96,66.19,98.92
4,18,17,21.48,1.17,116.22,79.12,98.91
4,18,18,20.22,1.36,111.25,80.94,98.93
4,18,19,20.36,0.87,144.46,86.88,99.01
4,18,20,19.96,0.93,116.57,92.12,99.11
4,18,21,19.94,1.72,96.51,95.44,99.04
4,18,22,19.91,2.47,109.41,96.06,98.96
4,18,23,19.81,2.8,121.51,96,98.85
4,19,0,19.65,1.95,123.75,96.94,98.77
4,19,1,19.52,1.58,103.76,97.25,98.69
4,19,2,19.4,1.47,68.2,97.38,98.64
4,19,3,19.3,1.6,41.63,98,98.6
4,19,4,19.19,1.72,40.04,98.19,98.6
4,19,5,19.01,1.63,48.69,98.25,98.62
4,19,6,19.32,1.71,54.13,96.94,98.67
4,19,7,19.23,2.4,62.27,93.88,98.68
4,19,8,19.23,2.66,70.82,91.25,98.76
4,19,9,19.69,3.02,61.25,85.25,98.7
4,19,10,19.98,2.94,53.43,78.75,98.69
4,19,11,20.11,2.92,41.96,74.56,98.69
4,19,12,19.96,3.33,29.81,72,98.68
4,19,13,19.72,3.67,18.63,70.25,98.66
4,19,14,19.42,4.05,17.98,70.69,98.64
4,19,15,19.2,4.48,24.96,72.44,98.61
4,19,16,19.19,4.47,34.38,77.38,98.62
4,19,17,19.5,3.62,46.22,84.94,98.66
4,19,18,19.26,3.32,59.75,91.88,98.71
4,19,19,18.35,4.3,68.93,94.12,98.8
4,19,20,16.78,4.41,70.31,94.44,98.83
4,19,21,15.8,3.4,63.49,94.94,98.87
4,19,22,15.37,2.21,50.45,95.81,98.84
4,19,23,15.22,1.71,34.56,96.62,98.85
4,20,0,15.09,1.59,25.56,96.62,98.84
4,20,1,14.94,1.74,21.61,96.44,98.81
4,20,2,14.8,2.01,20.48,96.25,98.79
4,20,3,14.86,2.32,26.57,95.31,98.79
4,20,4,14.9,2.68,32.86,95.25,98.8
4,20,5,14.94,3.17,36.67,95.56,98.84
4,20,6,15.16,3.88,41.49,94.25,98.9
4,20,7,15.43,4.13,51.53,91.19,98.94
4,20,8,15.83,4.21,63.77,88,99.01
4,20,9,16.3,4.16,75.75,84.19,99.06
4,20,10,16.82,4.17,84.62,79.81,99.06
4,20,11,17.25,3.77,88.57,76.12,99.02
4,20,12,17.72,3.14,86.15,73.19,98.97
4,20,13,17.95,2.8,78.09,71.12,98.86
4,20,14,18.07,3,66.51,69.19,98.83
4,20,15,17.76,3.58,60.02,68.5,98.8
4,20,16,17.33,4.11,58.7,69.94,98.84
4,20,17,17.26,3.75,58.03,76.31,98.87
4,20,18,16.89,2.87,60.08,87.88,98.94
4,20,19,15.94,2.96,66.01,91.19,99.04
4,20,20,15.34,2.9,75.18,93.31,99.12
4,20,21,14.88,2.72,84.55,95.88,99.21
4,20,22,14.66,2.43,92.03,99.75,99.23
4,20,23,14.06,2.25,95.57,100,99.26
4,21,0,13.57,2.1,92.14,100,99.23
4,21,1,13.15,2.08,80.5,100,99.23
4,21,2,12.74,2.28,67.47,100,99.22
4,21,3,12.41,2.47,59.53,100,99.23
4,21,4,12.1,2.53,53.56,100,99.28
4,21,5,12.04,2.47,47.43,100,99.34
4,21,6,14.25,2.82,42.53,95.81,99.45
4,21,7,14.86,4.42,53.92,87.25,99.53
4,21,8,15.09,5.17,58.78,79.12,99.6
4,21,9,15.31,5.46,56.86,73.38,99.64
4,21,10,15.61,5.5,50.77,70,99.66
4,21,11,15.79,5.52,46.55,67.69,99.64
4,21,12,15.71,5.56,46.03,66.06,99.57
4,21,13,15.73,5.56,46.94,65.25,99.51
4,21,14,15.55,5.4,49.05,65.31,99.43
4,21,15,15.28,5.09,51.6,65.56,99.42
4,21,16,14.93,4.74,53.98,66.81,99.42
4,21,17,14.84,4.05,51.27,72.44,99.47
4,21,18,13.88,4.14,47.68,78.88,99.54
4,21,19,11.76,5.26,49.64,76.88,99.68
4,21,20,10.23,5.16,50.84,78.31,99.8
4,21,21,9.51,4.66,47.72,81.75,99.9
4,21,22,8.77,4.37,43.77,83.5,99.95
4,21,23,8.06,3.84,42.45,85.38,99.94
4,22,0,7.69,3.18,43.31,88.75,99.9
4,22,1,7.51,2.72,46.4,91.44,99.83
4,22,2,7.4,2.45,50.31,93.12,99.77
4,22,3,7.31,2.3,53.56,93.75,99.78
4,22,4,7.26,2.24,56.37,93.62,99.78
4,22,5,7.54,2.15,52.09,92.38,99.83
4,22,6,7.54,3.02,44.27,82.81,99.87
4,22,7,7.48,3.94,53.63,74.56,99.9
4,22,8,7.79,4.15,60.92,70.19,99.93
4,22,9,8.38,3.97,65.6,67.81,99.94
4,22,10,8.73,3.97,69.96,64.31,99.91
4,22,11,9.31,3.97,74.24,62,99.85
4,22,12,9.88,3.79,74.93,60.81,99.83
4,22,13,10.36,3.9,70.11,60.25,99.77
4,22,14,10.76,4.19,65.64,59.75,99.71
4,22,15,10.91,4.76,65.88,59.19,99.65
4,22,16,10.9,5.08,71.82,60.12,99.59
4,22,17,11.68,3.44,75.93,68.94,99.62
4,22,18,12.33,2.41,70.68,83.19,99.7
4,22,19,11.85,2.9,62.4,82,99.76
4,22,20,11.3,3.93,60.83,81,99.8
4,22,21,11.3,3.35,65.47,86.19,99.82
4,22,22,11.57,2.6,75.21,89.5,99.87
4,22,23,12.06,2.06,75.07,92.56,99.84
4,23,0,12.34,2.14,60.44,93.94,99.81
4,23,1,12.48,2.69,51.96,95.44,99.75
4,23,2,12.64,2.49,51.12,96.75,99.72
4,23,3,12.74,2.15,41.75,97.06,99.72
4,23,4,12.72,2.29,29.36,97.25,99.75
4,23,5,12.65,2.64,29.98,97.31,99.82
4,23,6,12.91,4.01,41.36,94.56,99.9
4,23,7,12.65,4.98,58.53,88.44,99.93
4,23,8,12.51,5.1,66.34,82.06,100
4,23,9,12.47,5.14,69.72,77.12,100.04
4,23,10,12.51,5.15,70.6,75.38,100.03
4,23,11,12.6,4.97,67.66,76.75,100.03
4,23,12,12.72,4.9,64.29,77.69,99.99
4,23,13,12.83,5.18,65.68,77.31,99.94
4,23,14,12.82,5.24,68.83,77.56,99.85
4,23,15,12.8,4.88,68.78,80.25,99.8
4,23,16,12.82,4.78,62.85,84.25,99.8
4,23,17,12.9,4.81,56.34,89.5,99.83
4,23,18,12.96,4.17,53.07,94.62,99.87
4,23,19,12.91,4.19,54.56,95.94,99.88
4,23,20,12.77,4.03,54.86,95.88,99.97
4,23,21,12.64,3.65,49.6,96.12,100.07
4,23,22,12.46,3.57,49.44,96.25,100.06
4,23,23,12.3,3.34,46.71,96.69,100.02
4,24,0,12.25,3.1,38.46,96.75,100.01
4,24,1,12.08,3.26,35.63,96.88,99.96
4,24,2,11.96,3.3,28.75,96.94,99.96
4,24,3,11.87,3.51,23.03,96.81,99.96
4,24,4,11.86,3.48,15.22,96.56,100
4,24,5,11.85,3.09,12.84,96.69,100.11
4,24,6,11.96,3.34,14.36,95.56,100.17
4,24,7,11.98,4.24,27.56,92.88,100.27
4,24,8,12.06,4.82,39.21,88.94,100.28
4,24,9,12.26,5.04,43.12,83.56,100.29
4,24,10,12.47,5,41.26,78.81,100.27
4,24,11,12.5,4.82,38.69,76.38,100.22
4,24,12,12.49,4.78,36.36,76.25,100.16
4,24,13,12.4,5.03,33.79,77.25,100.14
4,24,14,12.15,5.28,32.56,80.31,100.11
4,24,15,11.87,5.62,34.24,84.56,100.14
4,24,16,11.37,5.86,38.29,86.81,100.14
4,24,17,10.94,5.19,39.75,88.5,100.17
4,24,18,10.88,4,37.45,92.12,100.23
4,24,19,10.91,3.29,39.13,94.38,100.28
4,24,20,10.83,2.36,40.97,95.75,100.31
4,24,21,10.67,2,41.67,96.5,100.34
4,24,22,10.44,1.79,38.82,96.94,100.28
4,24,23,10.26,1.58,28.09,97.19,100.22
4,25,0,10.04,1.59,16.56,97.38,100.14
4,25,1,9.71,1.71,11.88,97.56,100.04
4,25,2,9.39,1.85,6.31,98,99.98
4,25,3,9.16,1.98,356.61,97.75,99.94
4,25,4,9.05,2.14,347.58,97.5,99.96
4,25,5,9.07,1.98,349.31,96.94,99.97
4,25,6,9.37,2.72,358.68,93.69,99.98
4,25,7,9.71,2.9,3.55,88.06,99.96
4,25,8,10.08,2.56,2.63,81.94,99.95
4,25,9,10.41,2.15,342.48,77.88,99.96
4,25,10,10.69,2.14,321.08,74.06,99.94
4,25,11,11.05,2.11,325.25,71.94,99.84
4,25,12,11.57,2.32,321.7,70.38,99.8
4,25,13,11.67,2.76,318.1,69.5,99.74
4,25,14,11.57,3,324.32,71.38,99.68
4,25,15,11.66,3.13,335.03,75.5,99.68
4,25,16,11.78,3.05,347.88,79.88,99.72
4,25,17,11.9,2.55,355.96,84.12,99.77
4,25,18,12.16,1.63,357.8,92.12,99.83
4,25,19,11.69,1.5,355.53,93.69,99.88
4,25,20,11.3,1.43,344.74,93.75,99.96
4,25,21,10.73,1.52,328.03,93.56,99.99
4,25,22,10.04,1.73,311.16,93.75,100.01
4,25,23,9.61,1.94,302.47,95.12,99.99
4,26,0,9.35,2.04,298.82,97.12,99.96
4,26,1,9.15,2.12,297.89,98.88,99.96
4,26,2,8.85,2.19,300.68,100,99.95
4,26,3,8.46,2.19,303.07,100,99.97
4,26,4,8.19,2.12,305.56,100,99.99
4,26,5,8.04,2.01,305.36,100,100.05
4,26,6,9.5,2,301.77,93.81,100.1
4,26,7,10.16,2.05,326.01,82.62,100.12
4,26,8,9.84,2.78,3.39,67.06,100.16
4,26,9,10.06,2.4,12.77,61.81,100.18
4,26,10,10.48,2.03,13.61,58.94,100.17
4,26,11,10.95,1.89,9.27,56.88,100.12
4,26,12,11.36,1.93,8.85,55.56,100.07
4,26,13,11.51,1.98,12.55,54.5,100.04
4,26,14,11.52,2.1,25.52,54.06,99.96
4,26,15,11.43,2.21,41.13,54.5,99.88
4,26,16,11.36,2.16,53.84,56.31,99.88
4,26,17,12.21,2.02,68.2,64.5,99.9
4,26,18,13.3,2.11,80.19,81.62,99.94
4,26,19,12.44,2.45,87.99,84.06,99.97
4,26,20,11.93,2.63,95.12,85.19,100.03
4,26,21,11.62,2.74,102.49,86.31,100.08
4,26,22,11.39,2.85,112.21,88.25,100.08
4,26,23,11.35,2.8,126.61,90.5,100.07
4,27,0,11.43,2.72,143.98,92.44,100.06
4,27,1,11.48,2.8,158.02,93.94,100.03
4,27,2,11.45,2.77,170.27,95.19,100
4,27,3,11.3,2.71,180.33,97.56,100
4,27,4,10.95,2.68,185.86,100,99.99
4,27,5,10.29,2.62,186.51,100,100.02
4,27,6,11.21,3.73,183.36,92.12,100.03
4,27,7,11.31,4.86,180.55,79.81,100.04
4,27,8,11.53,5.12,176.06,69.62,100.08
4,27,9,12.05,4.8,174.31,63.25,100.06
4,27,10,12.51,4.45,171.12,59.19,100.01
4,27,11,12.84,4.3,172.37,56,99.93
4,27,12,12.99,4.04,180.55,53.81,99.86
4,27,13,13.05,3.57,187.54,52.88,99.79
4,27,14,13.09,3.17,193.25,53.81,99.72
4,27,15,13.32,2.65,195.55,55.94,99.64
4,27,16,14.02,1.92,190.81,61.19,99.61
4,27,17,15.33,1.45,178.15,70,99.62
4,27,18,14.23,1.37,141.7,70.88,99.63
4,27,19,13.72,2.16,124.55,77.31,99.64
4,27,20,14.04,2.7,128.66,83.75,99.68
4,27,21,13.91,2.92,139.23,85.44,99.69
4,27,22,13.69,3.01,149.78,87.94,99.71
4,27,23,13.5,2.9,161.32,90.5,99.72
4,28,0,13.3,2.97,170.93,91.12,99.73
4,28,1,13.13,2.88,177.51,91.44,99.7
4,28,2,13.01,2.48,178.92,92.44,99.69
4,28,3,12.83,2.11,180.42,93.75,99.68
4,28,4,12.5,1.98,185.19,94.62,99.67
4,28,5,12.66,2.26,200.88,93.81,99.75
4,28,6,12.76,3.66,198.82,90.56,99.82
4,28,7,13.27,3.89,194.43,88.56,99.79
4,28,8,14.7,4.35,198.86,81,99.74
4,28,9,16.04,4.91,203.43,70.12,99.66
4,28,10,16.9,5.09,204.4,64.56,99.61
4,28,11,17.67,5.16,208.78,63,99.54
4,28,12,18.23,4.88,216.47,62.81,99.48
4,28,13,18.56,4.12,219.76,64.62,99.4
4,28,14,18.85,3.56,222.33,65.81,99.32
4,28,15,19.08,2.98,220,68,99.28
4,28,16,19.43,2.45,216.69,72.38,99.3
4,28,17,20.12,1.86,207.21,80.44,99.29
4,28,18,19.77,1.76,197.79,88.94,99.34
4,28,19,19.25,1.9,193.07,90.75,99.41
4,28,20,19.04,1.96,194.81,92.81,99.44
4,28,21,18.98,1.96,202.48,94.56,99.44
4,28,22,18.83,1.93,208.54,95.81,99.43
4,28,23,18.54,1.84,215.17,96.88,99.37
4,29,0,18.25,1.8,225.88,98.06,99.34
4,29,1,18.09,1.71,250.82,98.81,99.27
4,29,2,17.98,2,289.64,98.69,99.26
4,29,3,17.81,3.35,316.04,97.31,99.28
4,29,4,17.23,4.47,331.06,96.44,99.31
4,29,5,15.87,5.44,341.67,94.44,99.34
4,29,6,15.06,5.14,342.31,92.94,99.4
4,29,7,14.78,5.51,335.36,90.75,99.52
4,29,8,14.26,5.74,333.92,87.38,99.61
4,29,9,13.64,5.62,337.25,83.25,99.66
4,29,10,12.87,5.54,338.24,77,99.68
4,29,11,11.72,5.67,331.81,70.75,99.71
4,29,12,10.62,5.27,325.58,66.5,99.7
4,29,13,9.72,4.91,320.43,62.69,99.67
4,29,14,8.85,4.96,317.3,58.5,99.66
4,29,15,8.33,4.66,314.59,57.25,99.67
4,29,16,8.47,3.97,310.45,59.06,99.68
4,29,17,9.48,2.86,304.65,65.94,99.71
4,29,18,10.65,2.14,294.88,80.75,99.75
4,29,19,9.88,2.25,290.95,81.75,99.82
4,29,20,9.3,1.96,285.98,79.31,99.85
4,29,21,8.56,1.83,281.55,76.5,99.83
4,29,22,7.93,1.83,274.64,75.38,99.83
4,29,23,7.65,1.94,270,76.56,99.83
4,30,0,7.24,2.11,277.44,77.75,99.78
4,30,1,6.51,2.31,284.27,78.25,99.75
4,30,2,5.65,2.32,286.85,76.44,99.74
4,30,3,4.73,2.07,285.77,71.88,99.72
4,30,4,3.9,1.64,280.4,66.56,99.73
4,30,5,3.75,1.14,262.53,65.81,99.74
4,30,6,6.71,1.27,232.78,71.69,99.77
4,30,7,6.76,1.5,221.83,63.5,99.81
4,30,8,6.39,1.45,169.72,49.38,99.84
4,30,9,7.18,1.82,182.46,46.25,99.88
4,30,10,8.08,2.09,207.91,45.19,99.85
4,30,11,8.7,2.41,233.43,44,99.8
4,30,12,9.25,2.77,254.28,43.19,99.69
4,30,13,9.63,3.08,271.16,42.31,99.64
4,30,14,9.81,3.19,284.31,42,99.58
4,30,15,10.15,2.96,293.46,43.19,99.53
4,30,16,10.48,2.61,300.55,44.94,99.52
4,30,17,12.93,1.88,305.54,57.31,99.53
4,30,18,11.17,1.29,304.37,56.25,99.59
4,30,19,8.91,0.89,283.67,48.81,99.66
4,30,20,8.58,0.92,244.31,49.94,99.75
4,30,21,8.81,1.33,231.45,56.44,99.8
4,30,22,8.47,1.59,224.8,58,99.83
4,30,23,8.12,1.66,224.24,59.69,99.81
5,1,0,7.78,1.78,223.22,61.75,99.79
5,1,1,7.51,2.04,219.72,64.88,99.75
5,1,2,7.37,2.42,215.28,70.25,99.73
5,1,3,7.26,2.83,213.73,76.5,99.75
5,1,4,7.05,3.09,214.7,80.06,99.77
5,1,5,7.15,3.05,216.46,81.88,99.86
5,1,6,9.77,2.73,218.15,78.19,99.93
5,1,7,9.87,3.16,219.79,66.38,99.99
5,1,8,11.59,2.23,212.69,61.19,100.07
5,1,9,9.37,1.68,149.49,42.31,100.09
5,1,10,9.26,2.22,125.42,38.75,100.08
5,1,11,9.51,2.69,125.07,37.5,100.05
5,1,12,9.74,2.86,126.78,36.94,100
5,1,13,9.97,2.88,124.6,36.94,99.96
5,1,14,10.23,2.88,121.02,37.75,99.88
5,1,15,10.28,2.95,120.78,38.44,99.83
5,1,16,11.13,2.91,123.39,42.62,99.8
5,1,17,13.31,2.83,123.95,55,99.81
5,1,18,13.76,3.14,124.56,74.06,99.8
5,1,19,12.34,3.62,132.02,75.69,99.85
5,1,20,11.69,3.99,143.6,76.88,99.95
5,1,21,10.54,4.41,153.34,76.06,99.99
5,1,22,9.33,4.39,160.15,76.25,100.03
5,1,23,8.36,4.2,166.12,77.44,100.03
5,2,0,7.46,3.95,170.67,78.94,99.99
5,2,1,6.63,3.63,173.32,81.44,99.98
5,2,2,5.83,3.47,175.1,83,99.95
5,2,3,5.21,3.38,175.76,84.38,99.94
5,2,4,4.83,3.36,175.6,86.19,99.99
5,2,5,4.95,3.25,176.97,86.81,100.01
5,2,6,6.32,4,178.77,75,100.06
5,2,7,8.05,3.8,179.41,69.12,100.08
5,2,8,10.85,5.34,175.97,63.62,100.1
5,2,9,12.8,6.31,177.09,58.88,100.11
5,2,10,13.63,6.61,179.26,53.75,100.03
5,2,11,14.64,6.51,179.79,52.25,99.96
5,2,12,15.8,6.1,179.41,52.75,99.87
5,2,13,16.87,5.6,178.96,54.5,99.78
5,2,14,17.73,5.04,177.6,57.56,99.7
5,2,15,18.33,4.55,173.09,61.06,99.67
5,2,16,19.12,3.81,164.31,69,99.67
5,2,17,20.14,2.81,157.93,83.44,99.65
5,2,18,19.84,2.82,154.43,92.44,99.72
5,2,19,19.33,3.73,150,94.38,99.75
5,2,20,18.98,4.16,146.4,95.06,99.82
5,2,21,18.43,4.17,143.69,95.44,99.82
5,2,22,17.82,3.79,146.18,96,99.83
5,2,23,17.36,3.43,152.5,96.69,99.76
5,3,0,17.02,3.23,161.7,97.81,99.69
5,3,1,16.81,3.26,171.31,98.38,99.61
5,3,2,16.65,3.18,179.01,98.88,99.55
5,3,3,16.49,3.11,184.46,99.25,99.55
5,3,4,16.34,3.13,187.32,99.25,99.53
5,3,5,16.3,3.11,185.77,98.38,99.54
5,3,6,17.09,3.99,182.81,94,99.58
5,3,7,18.27,3.69,183.15,90.06,99.6
5,3,8,19.57,4.91,192.95,80.31,99.62
5,3,9,19.79,5.35,201.24,70.19,99.64
5,3,10,19.67,4.72,205.08,68.75,99.61
5,3,11,19.75,4.29,209.46,70.31,99.59
5,3,12,19.9,4.3,210.2,70.44,99.53
5,3,13,20.03,4.26,205.44,73,99.46
5,3,14,20.24,4.1,194.01,77,99.39
5,3,15,20.56,3.67,182.56,82.94,99.34
5,3,16,20.81,3.87,170.12,82.62,99.28
5,3,17,21.15,3.35,162.75,84.81,99.26
5,3,18,20.76,2.46,150.26,93.31,99.24
5,3,19,20.43,2.75,140.53,95.69,99.24
5,3,20,20.69,3.08,142.43,95,99.22
5,3,21,20.89,3.62,152.05,95.06,99.2
5,3,22,20.92,4.16,163.54,95.44,99.2
5,3,23,20.79,4.44,171.1,95.5,99.17
5,4,0,20.65,4.61,173.77,95.62,99.12
5,4,1,20.56,4.83,174.15,95.75,99.06
5,4,2,20.55,5.15,175.99,95.31,99.02
5,4,3,20.54,5.38,178.84,94.75,99
5,4,4,20.48,5.31,181.18,94.75,98.95
5,4,5,20.39,5.07,181.77,94.69,98.99
5,4,6,20.77,5.36,181.17,92.25,99
5,4,7,21.5,4.91,184.38,87.81,99.03
5,4,8,21.66,5.99,193.8,77.5,99.03
5,4,9,21.58,6.63,200.57,71.06,99.02
5,4,10,21.69,7.09,204.08,67.19,98.98
5,4,11,21.77,7.15,206.14,65.31,98.9
5,4,12,21.84,6.65,207.65,64.62,98.79
5,4,13,22.01,6.13,209.7,63.75,98.67
5,4,14,22.08,5.65,212.64,62.81,98.57
5,4,15,22.42,4.67,216.91,64.81,98.5
5,4,16,22.97,3.52,224.01,69.94,98.5
5,4,17,24.03,2.42,229.98,81.88,98.51
5,4,18,23.05,2.5,230.33,86.69,98.56
5,4,19,22.58,2.53,224,87.31,98.59
5,4,20,22.35,2.59,211.29,88.44,98.64
5,4,21,22.08,2.64,201.49,89.38,98.65
5,4,22,21.83,2.67,197.37,89.94,98.59
5,4,23,21.7,2.72,191.08,90.62,98.55
5,5,0,21.63,2.87,182.81,91.12,98.48
5,5,1,21.55,3.19,175.5,92.25,98.4
5,5,2,21.33,3.67,174.75,94.44,98.33
5,5,3,21.27,4.22,188.42,95.25,98.37
5,5,4,21.26,4.99,192.38,95,98.3
5,5,5,21.23,4.95,200.21,95.5,98.3
5,5,6,21.29,4.4,204.97,95.69,98.28
5,5,7,21.54,3.93,202.69,94.81,98.32
5,5,8,21.87,3.33,174.74,94.12,98.32
5,5,9,22.12,4.29,165.86,92.56,98.26
5,5,10,22.23,5.72,188.25,90.75,98.17
5,5,11,22.6,8.12,224.14,89.62,98.14
5,5,12,22.66,9.49,257.93,85.62,98.2
5,5,13,22.26,8.86,285.38,80,98.29
5,5,14,21.8,7.24,301.63,76.25,98.34
5,5,15,21.32,5.41,309.85,75.75,98.35
5,5,16,21.1,4.01,318.95,76.19,98.38
5,5,17,21.16,2.61,335.27,80.69,98.38
5,5,18,21.15,1.7,2.9,89.94,98.46
5,5,19,20.53,1.49,26.43,91.38,98.55
5,5,20,20.44,1.38,23.07,92.75,98.67
5,5,21,20.28,1.4,26.14,94.12,98.71
5,5,22,19.86,1.42,31.07,94.62,98.71
5,5,23,19.54,1.6,35.24,95.69,98.71
5,6,0,19.37,1.75,46.45,96.38,98.66
5,6,1,19.26,1.73,51.42,97,98.61
5,6,2,19.09,1.71,41.85,97.69,98.64
5,6,3,18.98,1.98,48.2,97.88,98.7
5,6,4,18.86,2.5,61.83,98,98.7
5,6,5,18.75,3.49,65.1,97,98.72
5,6,6,18.64,4.54,57.29,95.81,98.71
5,6,7,18.16,5.86,52.58,94.31,98.76
5,6,8,17.64,6.22,55.95,92.5,98.71
5,6,9,17.48,5.59,60.35,90.81,98.73
5,6,10,17.51,5.11,60.3,89.31,98.74
5,6,11,17.55,4.93,52.33,89.56,98.73
5,6,12,17.65,5.27,42.23,90.5,98.72
5,6,13,17.68,5.81,37.56,90.69,98.69
5,6,14,17.69,6.28,37.41,91.94,98.68
5,6,15,17.67,6.53,38.1,91.81,98.67
5,6,16,17.55,5.81,37.13,91.94,98.69
5,6,17,17.48,4.7,37.16,94.44,98.73
5,6,18,17.38,4.32,40.08,96.12,98.74
5,6,19,17.28,4.5,39.79,96.44,98.8
5,6,20,17.15,4.92,37.65,96.19,98.86
5,6,21,16.59,5.47,38.33,96.25,98.92
5,6,22,15.83,5.6,30.5,96,98.97
5,6,23,14.85,5.58,18.97,95.25,99.01
5,7,0,14.18,5.02,9.68,95.19,99.02
5,7,1,13.69,4.81,1.4,95,99
5,7,2,13.55,4.68,353.86,95.31,99
5,7,3,13.38,4.63,350,95.06,99.02
5,7,4,13.25,4.14,346.57,95.19,99.06
5,7,5,13.08,3.63,344.38,95.19,99.1
5,7,6,12.9,4.17,339.7,93.06,99.19
5,7,7,12.87,4.97,341.88,89.5,99.24
5,7,8,13.11,5.52,343.8,85.19,99.29
5,7,9,13.43,5.88,343.25,81.25,99.31
5,7,10,13.72,6.05,339.6,77.62,99.34
5,7,11,14.07,6.12,337.95,74.44,99.36
5,7,12,14.34,6.1,340.08,72.44,99.31
5,7,13,14.65,6.1,341.47,69.69,99.28
5,7,14,14.63,5.96,340.64,67.88,99.26
5,7,15,14.45,5.61,338.79,67.44,99.3
5,7,16,14.34,4.85,340.63,69.62,99.35
5,7,17,14.65,4.03,353.32,74.94,99.34
5,7,18,14.72,3.24,5.81,85.38,99.39
5,7,19,14.21,3.58,14.4,90,99.47
5,7,20,14.31,3.73,13.8,92.56,99.58
5,7,21,14.33,3.68,10.02,94.75,99.65
5,7,22,14.26,3.41,5.66,95.88,99.72
5,7,23,14.13,3.27,7.01,96.19,99.75
5,8,0,13.86,3.13,11.37,96.75,99.76
5,8,1,13.55,3.1,14.88,96.94,99.73
5,8,2,13.26,3.2,17.46,97.12,99.71
5,8,3,12.94,3.06,19.08,97.44,99.72
5,8,4,12.7,2.87,19.86,97.56,99.77
5,8,5,12.62,3.01,19.23,97.19,99.8
5,8,6,12.76,4.19,24.94,93.25,99.89
5,8,7,12.77,4.57,29.59,88.88,99.94
5,8,8,12.96,4.64,29.76,83.19,100.01
5,8,9,12.92,4.6,31.53,77.56,100.04
5,8,10,12.93,4.5,34.24,72.5,100.06
5,8,11,12.97,4.4,37.22,68.12,100.05
5,8,12,13.07,4.35,39.09,64.56,100.04
5,8,13,12.86,4.54,38.29,61.62,99.98
5,8,14,12.58,4.95,36.78,60.06,99.94
5,8,15,12.12,5.23,39.42,59.44,99.91
5,8,16,11.8,5.13,44.88,60.69,99.88
5,8,17,12.08,4.13,49.38,66.62,99.9
5,8,18,12.75,2.83,56.13,82.56,99.92
5,8,19,11.98,2.94,65.2,87.44,99.96
5,8,20,11.56,2.79,73.09,90.06,100.03
5,8,21,11.08,2.64,77.89,92.19,100.1
5,8,22,10.63,2.51,79.22,94.19,100.11
5,8,23,10.26,2.35,71.99,95.81,100.1
5,9,0,9.84,2.27,58.66,96.81,100.06
5,9,1,9.43,2.28,47.22,98,100.05
5,9,2,8.98,2.28,40.56,98.5,100.03
5,9,3,8.57,2.23,36.03,98.62,100.04
5,9,4,8.2,2.07,30.63,97.75,100.04
5,9,5,8.03,1.84,25.15,95.31,100.06
5,9,6,9.12,1.83,19.67,85.69,100.13
5,9,7,9.03,2.27,46.4,71.56,100.16
5,9,8,8.77,2.64,65.87,61.06,100.18
5,9,9,8.62,3.14,78.97,53.38,100.16
5,9,10,8.83,3.29,86.32,48.94,100.12
5,9,11,9.32,3.14,90.86,46.75,100.05
5,9,12,9.82,2.93,91.68,45.75,99.99
5,9,13,10.19,2.81,88.57,45.38,99.9
5,9,14,10.43,2.92,83.71,45.62,99.83
5,9,15,10.66,3.13,82.25,47.12,99.79
5,9,16,11.01,3.19,83.1,49.94,99.76
5,9,17,11.94,2.84,80.17,57.94,99.76
5,9,18,13.11,2.65,74.08,78.25,99.81
5,9,19,11.53,3.08,75.89,80.5,99.86
5,9,20,10.98,3.21,83.71,82.56,99.91
5,9,21,10.55,3.2,94.07,84.81,99.94
5,9,22,10.15,3.03,106.33,86.81,99.95
5,9,23,9.76,2.8,122.45,87.75,99.94
5,10,0,9.54,2.57,141.53,87.56,99.89
5,10,1,9.35,2.49,159.97,87.19,99.87
5,10,2,9.06,2.45,174.14,86.69,99.87
5,10,3,8.42,2.48,184.52,86.44,99.85
5,10,4,7.87,2.38,191.53,86.06,99.9
5,10,5,8.08,2.11,194.81,86.44,99.93
5,10,6,9.51,1.95,190.63,79.12,99.95
5,10,7,9.77,1.62,176.68,68.81,100
5,10,8,9.01,1.66,146.91,53.5,100.01
5,10,9,9.83,1.91,113.63,51.44,99.98
5,10,10,10.94,2.5,108.43,51.25,99.9
5,10,11,11.86,2.71,104.36,50.56,99.85
5,10,12,12.2,2.37,97.78,49.19,99.79
5,10,13,11.96,1.75,79.74,47.81,99.81
5,10,14,11.83,2.09,62.09,48.31,99.77
5,10,15,11.81,2.61,57.36,50.75,99.72
5,10,16,12.33,2.77,51.29,55.12,99.7
5,10,17,13,3.03,50.86,62.88,99.7
5,10,18,13.8,2.68,49.72,77.94,99.73
5,10,19,13.3,2.65,50.5,82.44,99.81
5,10,20,13.26,2.51,50.81,85.75,99.94
5,10,21,12.96,2.49,58.76,87.62,100
5,10,22,12.76,2.32,70.77,88.81,100.01
5,10,23,12.6,1.98,83.21,90.44,99.98
5,11,0,12.44,1.62,92.77,90,99.96
5,11,1,11.94,1.14,108.43,85.56,99.96
5,11,2,11.81,1.22,137.85,86.44,99.98
5,11,3,11.47,1.24,160.42,85.25,100
5,11,4,11.42,1.18,196.52,84.81,100.01
5,11,5,11.69,1.3,213.5,86.88,100.04
5,11,6,11.38,1.72,222.61,79.44,100.11
5,11,7,9.32,1.43,206.28,61.12,100.14
5,11,8,7.01,1.07,176.24,48.06,100.2
5,11,9,6.28,0.84,143.34,43.62,100.18
5,11,10,6.37,1.03,112.29,41.81,100.14
5,11,11,6.94,1.23,132.42,41.38,100.07
5,11,12,7.36,1.54,165.05,42.56,100.03
5,11,13,7.83,1.44,166.8,44.56,99.96
5,11,14,8.47,1.13,156.44,46.56,99.89
5,11,15,8.95,0.93,153.65,49,99.87
5,11,16,9.38,0.88,124.53,52.62,99.85
5,11,17,10.61,1.21,85.94,60.19,99.85
5,11,18,12.53,1.5,72.79,76.12,99.88
5,11,19,12.22,1.7,73.48,80.94,99.91
5,11,20,11.6,1.64,83.45,79.75,99.98
5,11,21,11.05,1.47,95.8,77.62,100
5,11,22,10.76,1.35,116.12,77.38,100.03
5,11,23,10.66,1.35,137.1,78.38,99.97
5,12,0,10.51,1.47,152.21,79.88,99.92
5,12,1,10.25,1.56,168.47,80.81,99.87
5,12,2,10.06,1.58,185.68,81.5,99.82
5,12,3,10.19,1.53,203.55,82.94,99.82
5,12,4,10.19,1.52,218.11,84.38,99.81
5,12,5,10.86,1.49,231.81,88.19,99.88
5,12,6,11.42,1.9,243.12,81.62,99.9
5,12,7,11.95,2.11,258.48,73.81,99.94
5,12,8,13,2.22,273.63,70.62,99.98
5,12,9,13.95,2.3,285.78,68.44,99.96
5,12,10,14.58,2.6,294.71,67.75,99.93
5,12,11,14.9,2.78,300.02,68.19,99.88
5,12,12,15.12,2.84,303.21,68.19,99.8
5,12,13,15.33,2.94,306.57,67.44,99.73
5,12,14,15.44,3.06,308.89,67.19,99.68
5,12,15,15.44,2.96,313.61,69.12,99.64
5,12,16,15.54,2.69,318.77,71.38,99.65
5,12,17,15.86,2.08,322.01,75.88,99.67
5,12,18,15.87,1.5,326.23,83.31,99.7
5,12,19,14.23,1.06,326.08,77.44,99.74
5,12,20,13.58,0.61,297.22,74.31,99.79
5,12,21,13.37,0.78,239.33,75.88,99.82
5,12,22,13.3,1.25,225.76,81.81,99.8
5,12,23,13.27,1.7,230.23,86.56,99.77
5,13,0,13.21,2.04,238.02,91.19,99.74
5,13,1,13.17,2.23,243.97,94.75,99.69
5,13,2,13.13,2.34,246.35,97.62,99.67
5,13,3,13.08,2.43,247.31,100,99.64
5,13,4,12.69,2.46,248.81,100,99.63
5,13,5,12.84,2.45,250.41,100,99.67
5,13,6,14.43,2.97,248.37,90.25,99.71
5,13,7,15.3,2.78,247.18,81.75,99.74
5,13,8,14.55,1.84,277.82,62.88,99.72
5,13,9,14.19,1.3,290.72,56.5,99.72
5,13,10,14.09,1.05,285.07,53.62,99.67
5,13,11,14.21,1.09,281.55,51.31,99.62
5,13,12,14.07,1.02,281.91,49.38,99.56
5,13,13,13.91,1.08,269.17,48.44,99.49
5,13,14,14,1.32,257.36,48.94,99.44
5,13,15,14.45,1.64,249.32,51.25,99.4
5,13,16,15.03,1.79,243.77,54.88,99.36
5,13,17,17.97,1.75,233.33,72.69,99.36
5,13,18,16.95,2.37,221.66,78.44,99.35
5,13,19,16.2,2.83,222.99,80.69,99.42
5,13,20,16.15,2.92,227.82,83.06,99.45
5,13,21,16.16,2.94,233.1,85.19,99.48
5,13,22,16.17,2.93,235.89,86.69,99.44
5,13,23,16.09,2.92,239.25,87.88,99.39
5,14,0,15.96,2.93,242.21,89,99.36
5,14,1,15.86,2.88,244.76,89.94,99.28
5,14,2,15.81,2.76,246.48,91,99.26
5,14,3,15.79,2.66,247.2,92.31,99.23
5,14,4,15.76,2.55,247.12,92.69,99.23
5,14,5,15.98,2.42,244.18,93.56,99.25
5,14,6,17.04,2.84,236,88.5,99.3
5,14,7,17.48,3.31,230.18,83.44,99.34
5,14,8,18.43,2.94,228.99,79,99.37
5,14,9,18.29,2.42,240.78,66.5,99.36
5,14,10,18.37,2.39,231.63,59.75,99.34
5,14,11,18.83,2.8,225.57,58.12,99.29
5,14,12,19.19,3.23,227.74,57.06,99.26
5,14,13,19.44,3.55,230.81,57,99.19
5,14,14,19.62,3.73,234.98,57.62,99.14
5,14,15,19.77,3.7,237.58,59.25,99.09
5,14,16,20.14,3.29,237.89,63.31,99.07
5,14,17,20.82,2.82,234.59,72,99.08
5,14,18,20.58,2.57,227.22,84.5,99.08
5,14,19,19.17,2.94,227.37,85.56,99.1
5,14,20,18.67,3.01,231.43,86.5,99.17
5,14,21,18.22,3.05,235.86,87.25,99.22
5,14,22,17.77,3.08,237.24,87.75,99.22
5,14,23,17.27,3.1,238.59,88.62,99.17
5,15,0,16.68,3.18,240.29,89.81,99.16
5,15,1,16.4,3.23,240.27,92.5,99.11
5,15,2,16.28,3.25,238.45,95.25,99.11
5,15,3,16.2,3.25,236.27,97.94,99.09
5,15,4,16.08,3.28,234.61,100,99.09
5,15,5,16.12,3.16,232.42,98.94,99.14
5,15,6,17.16,4.09,228.33,87.56,99.18
5,15,7,18.17,3.98,222.77,81.75,99.25
5,15,8,18.83,3.95,224.92,70.31,99.28
5,15,9,17.76,4.29,229.35,56.88,99.27
5,15,10,17.44,4.18,223.86,51.62,99.28
5,15,11,17.82,3.98,214.28,50.12,99.24
5,15,12,18.26,3.78,205.82,50,99.17
5,15,13,18.52,3.56,199.87,50,99.11
5,15,14,18.68,3.32,195.15,50.69,99.06
5,15,15,18.56,2.97,189.86,50.56,99.01
5,15,16,19.15,2.46,182.73,54.44,98.99
5,15,17,18.83,2.31,176.7,55.81,99.01
5,15,18,20.4,1.9,174.57,72.56,99.05
5,15,19,18.48,2.18,169.9,69.88,99.09
5,15,20,18.23,2.5,167.18,74.44,99.13
5,15,21,18.05,2.79,170.33,77.94,99.16
5,15,22,17.55,3.02,178.22,80.38,99.16
5,15,23,16.94,3.29,185.59,82,99.15
5,16,0,16.44,3.61,189.58,83.31,99.11
5,16,1,16.33,3.84,191.63,84.88,99.09
5,16,2,16.47,3.7,192.45,87.81,99.07
5,16,3,16.72,3.48,192.32,91.31,99.07
5,16,4,16.92,3.66,190.83,93,99.12
5,16,5,17.16,3.73,188.55,93.19,99.16
5,16,6,17.62,4.25,185.27,90.31,99.21
5,16,7,18.12,4.24,182,86.12,99.23
5,16,8,18.51,4.87,183.03,78.12,99.23
5,16,9,18.52,5.74,184.06,68.62,99.25
5,16,10,18.48,6.06,183.99,62.94,99.22
5,16,11,18.73,6.2,183.47,59.31,99.17
5,16,12,18.92,5.92,179.17,59,99.09
5,16,13,19,5.91,175,59.19,99.01
5,16,14,19.13,5.86,174.42,60.31,98.99
5,16,15,19.9,4.74,167.63,68.62,98.93
5,16,16,20.72,4.02,160.93,76.56,98.94
5,16,17,20.83,3.69,156.69,82.81,98.97
5,16,18,20.22,4.21,159.24,85.19,99.02
5,16,19,19.77,4.52,161.25,86.38,99.07
5,16,20,19.56,4.31,159.95,88.5,99.08
5,16,21,19.51,4.28,162.89,90.56,99.12
5,16,22,19.61,5.37,161.93,90.44,99.09
5,16,23,19.79,6.28,158.41,91.06,98.99
5,17,0,19.85,6.77,154.41,90.56,98.84
5,17,1,19.95,5.33,151.26,92.44,98.79
5,17,2,20.01,4.47,150.79,94.25,98.83
5,17,3,19.97,4.61,151.44,94.94,98.88
5,17,4,20.05,5.77,153.3,94.31,98.86
5,17,5,19.99,6.55,155.79,94.38,98.82
5,17,6,19.82,6.98,160.71,93.69,98.81
5,17,7,20.05,7.06,168.44,91,98.84
5,17,8,20.21,6.69,170.11,88.19,98.89
5,17,9,20.59,5.81,167.27,89.31,98.86
5,17,10,21.47,5.61,171.18,87.19,98.81
5,17,11,22.06,5.67,195.44,85.75,98.77
5,17,12,22.44,5.38,213.69,85.12,98.73
5,17,13,22.77,5.59,225.68,78.69,98.68
5,17,14,22.87,5.26,229.88,74.62,98.6
5,17,15,23.04,5.1,227.98,74.06,98.54
5,17,16,23.23,4.67,220.86,76.62,98.53
5,17,17,23.38,3.28,210.47,83,98.54
5,17,18,22.78,2.24,192.09,90.88,98.57
5,17,19,21.86,2.27,171.9,93.31,98.61
5,17,20,21.65,2.12,162.43,94.56,98.65
5,17,21,21.33,1.81,169.32,96.81,98.7
5,17,22,21.1,1.44,191.86,98.56,98.73
5,17,23,20.9,1.47,210.65,98.88,98.68
5,18,0,20.84,1.57,221.97,98.81,98.66
5,18,1,20.69,1.64,238.66,98.62,98.66
5,18,2,20.49,1.71,262.91,99.12,98.66
5,18,3,20.29,1.99,298.68,99.62,98.66
5,18,4,20.07,2.41,323.69,100,98.71
5,18,5,20.1,2.98,330.61,98.19,98.76
5,18,6,20.72,4.15,329.67,94.19,98.83
5,18,7,20.55,5.24,328.28,87.44,98.87
5,18,8,20.29,5.78,320.82,79.06,98.89
5,18,9,20.06,6.16,314.74,72.88,98.85
5,18,10,19.82,6.57,311.58,68.44,98.85
5,18,11,19.6,6.77,311.82,65.94,98.81
5,18,12,19.49,6.82,314.4,65.19,98.82
5,18,13,19.33,6.79,318.31,64.81,98.81
5,18,14,19.07,6.79,319.76,65.31,98.84
5,18,15,18.73,6.78,320.99,66.81,98.87
5,18,16,18.49,6.11,325.74,70.31,98.9
5,18,17,18.65,4.73,328.31,75.31,98.94
5,18,18,19.1,2.75,330.88,86.31,98.99
5,18,19,18.96,2.31,340.03,91.44,99.04
5,18,20,19.02,2.23,350.93,92.94,99.13
5,18,21,18.93,2.43,0,94.12,99.2
5,18,22,18.53,2.61,7.74,95.69,99.25
5,18,23,17.99,2.79,13.1,96.88,99.26
5,19,0,17.33,2.74,15.54,97.06,99.23
5,19,1,16.9,2.42,15.34,96.88,99.22
5,19,2,16.62,2.09,12.27,96.88,99.22
5,19,3,16.25,1.83,12.61,98,99.23
5,19,4,16.07,1.74,15.59,98.62,99.26
5,19,5,16.32,1.64,18.61,97.38,99.3
5,19,6,16.49,2.49,17.7,91.88,99.38
5,19,7,16.69,2.78,26.71,86.12,99.41
5,19,8,17.04,2.69,36.6,79.06,99.43
5,19,9,17.33,2.4,43.42,72.69,99.45
5,19,10,17.66,2.08,51.1,68.38,99.43
5,19,11,18.02,1.73,68.54,65.69,99.41
5,19,12,18.37,1.37,79.78,63.88,99.35
5,19,13,18.64,0.99,84.56,62.44,99.31
5,19,14,18.73,1.04,89.57,61.62,99.23
5,19,15,18.74,1.41,90.95,62.12,99.19
5,19,16,18.7,1.59,92.82,64.19,99.18
5,19,17,19.44,1.79,86.25,72.06,99.2
5,19,18,19.71,2.12,84.29,83.94,99.2
5,19,19,18.88,2.54,86.3,87.38,99.21
5,19,20,18.39,2.72,90.99,88.94,99.27
5,19,21,18.15,2.77,98.11,91,99.29
5,19,22,18,2.64,106.83,93.56,99.3
5,19,23,17.69,2.44,118.95,97.06,99.3
5,20,0,17.6,2.48,132.07,99.88,99.28
5,20,1,17.55,2.8,140.77,97.69,99.23
5,20,2,17.31,3.01,152.97,97.12,99.21
5,20,3,16.98,3.24,165.9,96.81,99.22
5,20,4,16.75,3.47,172.23,96,99.24
5,20,5,16.65,2.98,174.29,95.94,99.26
5,20,6,16.83,3.1,171.6,93,99.26
5,20,7,17.04,3.21,167.62,88.81,99.28
5,20,8,17.43,3.42,170.41,83.88,99.27
5,20,9,18.13,3.22,171.34,79.56,99.27
5,20,10,19.41,2.67,172.6,74.75,99.27
5,20,11,20.44,1.99,170.95,71.25,99.22
5,20,12,20.76,1.22,158.54,67.44,99.15
5,20,13,20.45,0.92,120.47,63.81,99.09
5,20,14,20.22,1.19,96.8,61.38,99.05
5,20,15,20.03,1.67,94.03,62.62,99
5,20,16,20.52,1.96,99.65,67.88,98.98
5,20,17,20.82,1.98,105.57,73.06,99.02
5,20,18,21.55,1.76,102.56,86,99.06
5,20,19,20.81,2.18,99.26,89.81,99.08
5,20,20,20.54,2.26,104.23,92.38,99.1
5,20,21,20.34,2.09,112.92,94.25,99.11
5,20,22,20.12,1.87,125.29,95.88,99.13
5,20,23,20.01,1.73,142.87,96.81,99.15
5,21,0,20.05,1.78,152.76,97.31,99.13
5,21,1,20.04,1.85,154.73,98,99.1
5,21,2,20.05,1.94,163.1,98.5,99.05
5,21,3,20.02,2.02,171.78,98.38,99
5,21,4,19.93,2.17,177.73,98.75,99
5,21,5,19.84,2.35,177.14,97.81,99.01
5,21,6,20.15,2.94,176.04,93.5,99.04
5,21,7,21.05,2.79,187.56,87.12,99.09
5,21,8,21.79,2.28,182.95,78.62,99.12
5,21,9,22.15,1.63,171.17,72.56,99.09
5,21,10,22.19,1.38,165.26,69.81,99.05
5,21,11,22.17,0.99,144.93,69.06,99.03
5,21,12,22.3,1.46,105.82,68.88,98.95
5,21,13,22.51,2.24,93.4,69.62,98.86
5,21,14,22.76,2.69,78.62,70.69,98.83
5,21,15,23.03,3.48,69.65,73.19,98.81
5,21,16,23.28,3.75,70.13,79.25,98.77
5,21,17,23.41,3.11,71.11,87.31,98.76
5,21,18,23.21,2.37,73.35,93.44,98.85
5,21,19,22.88,2.23,79.08,96.12,98.89
5,21,20,22.63,2.27,80.31,97.38,98.89
5,21,21,22.38,2.09,78.98,98.31,98.9
5,21,22,22.05,1.71,76.28,98.44,98.87
5,21,23,21.69,1.67,72.58,97.88,98.84
5,22,0,21.22,2.25,71.75,97.69,98.73
5,22,1,20.66,1.9,72.01,97.62,98.68
5,22,2,20.3,1.51,73.44,97.69,98.7
5,22,3,19.91,2.02,52.55,97.31,98.63
5,22,4,19.46,3.13,38.21,96.88,98.63
5,22,5,19.11,4.21,26.8,96.94,98.66
5,22,6,18.93,4.69,10.26,96.75,98.74
5,22,7,18.53,6.45,4.1,95.06,98.89
5,22,8,17.9,7.94,12.38,93.25,98.99
5,22,9,17.55,8.92,17.69,89.75,99.11
5,22,10,16.87,9.66,18.24,85,99.23
5,22,11,15.99,9.57,17.15,81.38,99.31
5,22,12,15.4,8.9,16.21,78.81,99.39
5,22,13,14.78,8.01,18.19,78.81,99.41
5,22,14,14.29,7.07,20.92,78,99.42
5,22,15,13.89,6,22.12,77.38,99.41
5,22,16,13.69,5.16,21.51,77.81,99.47
5,22,17,13.65,4.22,22.86,80.38,99.5
5,22,18,14.02,2.59,29.51,86.69,99.54
5,22,19,14.15,1.65,37.9,92.75,99.58
5,22,20,13.65,1.43,46.78,92.5,99.64
5,22,21,13.01,0.97,60.95,88.62,99.67
5,22,22,12.6,0.49,115.74,85.38,99.7
5,22,23,12.39,0.39,183.43,85.25,99.68
5,23,0,12.27,0.48,279.46,86.31,99.61
5,23,1,12.21,0.97,307.15,90,99.6
5,23,2,12.15,1.23,310.09,91.56,99.61
5,23,3,12.11,1.17,306.56,91.75,99.65
5,23,4,12.04,0.95,295.73,92.25,99.69
5,23,5,12.33,0.99,278.64,93.12,99.73
5,23,6,13.03,1.06,284.55,86.25,99.77
5,23,7,12.71,1.21,30.2,71.69,99.81
5,23,8,12.19,2.45,48.37,62.62,99.83
5,23,9,11.83,3.18,58.46,56.12,99.81
5,23,10,11.53,3.82,65.11,51.25,99.78
5,23,11,11.33,4.31,71.07,47.75,99.71
5,23,12,11.24,4.55,76.3,45.69,99.67
5,23,13,11.26,4.58,80.38,44.75,99.62
5,23,14,11.25,4.54,85.16,44.94,99.58
5,23,15,11.33,4.53,91.28,46.06,99.54
5,23,16,11.44,4.6,97.91,48.81,99.5
5,23,17,13.48,3.69,100,61.38,99.51
5,23,18,14.38,2.97,98.32,76.56,99.54
5,23,19,13.55,3.07,99.97,80.44,99.59
5,23,20,13.05,3.02,104.83,82.5,99.64
5,23,21,12.58,2.97,113.93,83.88,99.66
5,23,22,12.29,2.93,126.44,84.25,99.64
5,23,23,12.28,2.89,134.89,83.88,99.54
5,24,0,12.13,2.85,144.04,84.38,99.46
5,24,1,12.23,2.75,163.16,85,99.47
5,24,2,12.61,2.41,166.14,85.94,99.44
5,24,3,12.86,2.14,160.18,87.38,99.46
5,24,4,12.58,2.44,157.79,86.06,99.47
5,24,5,12.64,2.41,159.68,85.5,99.49
5,24,6,12.99,2.49,164.74,81.94,99.54
5,24,7,12.92,3.03,166.75,77.62,99.56
5,24,8,13.05,4.05,162.12,73.88,99.56
5,24,9,12.46,5.1,157.09,68.31,99.54
5,24,10,12.51,5.15,160.52,68.94,99.52
5,24,11,13.19,4.69,162.56,73.31,99.51
5,24,12,13.82,4.17,160.65,74.31,99.44
5,24,13,14.44,3.53,161.52,72.94,99.38
5,24,14,14.98,2.83,163.62,72.12,99.36
5,24,15,15.44,2.09,161.02,73,99.34
5,24,16,15.81,1.73,144.94,74.81,99.34
5,24,17,16.32,1.88,121.9,80.25,99.37
5,24,18,16.79,1.71,108.68,91.19,99.38
5,24,19,16.11,1.97,110.45,94.5,99.45
5,24,20,15.9,1.92,118.65,95.81,99.51
5,24,21,15.72,1.83,128.05,96.94,99.58
5,24,22,15.54,1.77,138.41,98.25,99.61
5,24,23,15.35,1.83,148.41,99.44,99.57
5,25,0,15.1,1.95,158.88,100,99.54
5,25,1,14.78,2.02,171.12,100,99.51
5,25,2,14.51,2.06,180.87,100,99.51
5,25,3,14.33,2.11,187.89,100,99.51
5,25,4,14.22,2.16,191.92,100,99.55
5,25,5,14.6,2.06,194.93,99.44,99.59
5,25,6,15.73,2.76,197.62,93.88,99.67
5,25,7,16.87,2.65,204,87.75,99.72
5,25,8,17.46,2.63,207.17,78.31,99.71
5,25,9,17.71,2.91,202.92,70.75,99.67
5,25,10,18.09,2.91,205.4,66.38,99.61
5,25,11,18.55,2.37,214.27,63.75,99.6
5,25,12,18.9,1.77,219.09,62.12,99.55
5,25,13,19.05,1.36,207.01,60.5,99.45
5,25,14,19.11,1.36,171.73,60.12,99.35
5,25,15,19.02,1.89,152.69,61.12,99.27
5,25,16,19.36,1.96,170.35,65,99.32
5,25,17,19.82,1.68,194.3,70.44,99.41
5,25,18,19.65,1.06,164.11,75.25,99.42
5,25,19,19,1.69,116.57,80.5,99.44
5,25,20,19.05,2.31,118.3,87.75,99.49
5,25,21,18.9,2.4,129.45,90.19,99.55
5,25,22,18.8,2.27,142.14,91.88,99.55
5,25,23,18.71,2.17,150.95,93.25,99.55
5,26,0,18.66,2.17,156.94,94.31,99.52
5,26,1,18.55,2.24,165.67,95.19,99.49
5,26,2,18.43,2.32,174.98,96,99.47
5,26,3,18.26,2.34,178.66,96.62,99.48
5,26,4,18.11,2.29,180.2,96.69,99.51
5,26,5,18.22,2.18,181.23,95.56,99.53
5,26,6,18.44,2.88,184.36,89.12,99.56
5,26,7,19.04,2.44,181.29,85.81,99.59
5,26,8,19.83,2.7,178.18,78.62,99.6
5,26,9,20.74,2.62,175.04,72.56,99.58
5,26,10,21.61,2.49,192.12,69,99.64
5,26,11,22.13,2.4,197.02,71.06,99.61
5,26,12,22.53,2.08,157.68,76.06,99.53
5,26,13,22.73,2.76,139.01,77.31,99.44
5,26,14,22.96,3.24,137.35,76.81,99.38
5,26,15,23.29,3.44,133.16,79.56,99.31
5,26,16,23.69,3.02,130.49,86.25,99.25
5,26,17,23.88,2.36,127.33,92.94,99.27
5,26,18,23.53,2.15,135.15,95.81,99.3
5,26,19,23.3,2.48,154.08,96.38,99.34
5,26,20,23.14,3.01,163.73,96.69,99.39
5,26,21,22.8,3.36,168.59,96.62,99.43
5,26,22,22.34,3.54,173.03,96.25,99.43
5,26,23,21.87,3.6,175.52,95.88,99.41
5,27,0,21.56,3.63,174.33,95.69,99.36
5,27,1,21.4,3.66,171.9,95.31,99.32
5,27,2,21.21,3.75,168.11,95.62,99.27
5,27,3,20.96,3.63,168.33,95.69,99.24
5,27,4,20.82,3.84,168.85,95.81,99.26
5,27,5,20.82,4.22,168.02,95.31,99.26
5,27,6,21.12,4.29,169.41,94.81,99.3
5,27,7,21.65,4.42,172.69,93.44,99.35
5,27,8,22.19,5.12,175.54,90,99.34
5,27,9,22.47,5.85,181.84,84.06,99.35
5,27,10,22.73,5.95,186.02,77.31,99.36
5,27,11,23.3,5.77,187.87,72.19,99.33
5,27,12,23.85,5.3,189.34,69.94,99.28
5,27,13,24.38,4.75,192.83,69.44,99.23
5,27,14,24.68,4.16,195.47,71,99.2
5,27,15,24.87,3.52,190.11,73.44,99.19
5,27,16,25.08,2.89,179.07,78.12,99.17
5,27,17,25.41,2.42,169.38,85.69,99.15
5,27,18,24.62,2.5,162.13,90,99.2
5,27,19,23.85,2.89,161.08,90.5,99.22
5,27,20,23.32,3.37,162.15,90.62,99.28
5,27,21,22.58,4,165.99,90.56,99.36
5,27,22,21.66,4.4,170.19,90.31,99.39
5,27,23,20.92,4.56,173.91,91.06,99.38
5,28,0,20.48,4.51,178.01,91.69,99.33
5,28,1,20.17,4.43,181.31,92,99.29
5,28,2,19.9,4.39,183.98,92,99.24
5,28,3,19.65,4.27,186.93,92.25,99.22
5,28,4,19.46,4.19,189.87,92.44,99.26
5,28,5,19.38,4.33,192.08,91.31,99.28
5,28,6,19.71,4.86,193.3,86.38,99.31
5,28,7,20.04,5.78,195.2,78.38,99.31
5,28,8,20.48,6.2,198.07,70.88,99.34
5,28,9,21.34,5.88,199.81,66.5,99.33
5,28,10,22.4,5.3,201.08,64.31,99.31
5,28,11,23.3,4.62,202.14,62.69,99.29
5,28,12,23.92,3.89,201.05,61.56,99.21
5,28,13,24.29,3.23,196.99,61.12,99.17
5,28,14,24.42,2.73,190.06,60.75,99.14
5,28,15,24.55,2.35,178.67,61.75,99.14
5,28,16,24.65,2.13,163.56,62.88,99.15
5,28,17,24.73,2.06,150.71,65.69,99.17
5,28,18,25.64,2,145.01,79.56,99.19
5,28,19,24.42,2.47,144.65,83.75,99.21
5,28,20,23.96,2.75,150.74,85.5,99.22
5,28,21,23.53,2.96,159.8,86.31,99.25
5,28,22,23.19,3.31,170.07,87.25,99.25
5,28,23,22.85,4.02,180.67,88.19,99.23
5,29,0,22.51,4.46,187.96,90.75,99.2
5,29,1,22.3,4.33,192.08,93.19,99.17
5,29,2,22.12,4.16,194.01,94.81,99.12
5,29,3,21.94,4.12,194.17,95.69,99.12
5,29,4,21.76,4.08,194.3,96.12,99.11
5,29,5,21.67,4.19,194.68,94.88,99.12
5,29,6,22.14,4.39,197.63,89.94,99.16
5,29,7,22.94,4.75,202.52,82.38,99.21
5,29,8,23.71,4.52,207.8,75.81,99.2
5,29,9,24.22,3.98,215.16,69.06,99.21
5,29,10,24.83,3.17,224.1,64.94,99.15
5,29,11,25.41,2.26,236.59,63.44,99.13
5,29,12,25.7,1.43,261.52,62.56,99.08
5,29,13,25.77,0.97,306.78,62.06,99.04
5,29,14,25.73,1.08,0,62.81,98.97
5,29,15,26.06,1.49,31.69,64.62,98.93
5,29,16,26.48,1.84,50.01,67.75,98.93
5,29,17,26.11,2.22,54.3,71.12,98.97
5,29,18,26.8,2.12,47.39,84.69,99.02
5,29,19,26.17,2.51,45.25,89.12,99.07
5,29,20,25.78,2.67,51.42,91.56,99.06
5,29,21,25.43,2.43,64.84,93.25,99.06
5,29,22,25.08,1.93,79.01,94.56,99.01
5,29,23,24.65,1.28,68.13,93.44,99.02
5,30,0,24.46,1.28,1.05,94.75,99.14
5,30,1,24.4,0.85,24.92,94.62,99.08
5,30,2,24.26,0.73,52.39,95.44,99.04
5,30,3,23.98,0.6,86.28,95.69,99.06
5,30,4,23.68,0.7,129.56,96.5,99.03
5,30,5,23.55,0.13,165.96,96.19,99.06
5,30,6,23.98,0.81,336.66,92.25,99.09
